{
  "pipeline_score": {
    "steps": [
      0
    ],
    "timestamps": [
      "2019-05-16T15:04:06.844888"
    ],
    "values": [
      [
        1.8086073116604156,
        0.3781978487968445
      ]
    ]
  }
}