{
  "pipeline_score": {
    "steps": [
      0
    ],
    "timestamps": [
      "2019-05-16T14:09:33.486607"
    ],
    "values": [
      0.3671077504725898
    ]
  }
}