{
  "pipeline_score": {
    "steps": [
      0
    ],
    "timestamps": [
      "2019-05-14T19:39:25.739149"
    ],
    "values": [
      0.3264020163831128
    ]
  }
}