{
  "pipeline_score": {
    "steps": [
      0
    ],
    "timestamps": [
      "2019-05-16T13:54:25.225001"
    ],
    "values": [
      0.4197857592942659
    ]
  }
}