{
  "pipeline_score": {
    "steps": [
      0
    ],
    "timestamps": [
      "2019-05-16T14:51:37.753227"
    ],
    "values": [
      [
        1.751736567932326,
        0.40945178270339966
      ]
    ]
  }
}