{
  "pipeline_score": {
    "steps": [
      0
    ],
    "timestamps": [
      "2019-05-16T13:06:25.245232"
    ],
    "values": [
      0.41739130434782606
    ]
  }
}