{
  "pipeline_score": {
    "steps": [
      0
    ],
    "timestamps": [
      "2019-05-16T14:48:45.882533"
    ],
    "values": [
      [
        1.941364310294033,
        0.40441083908081055
      ]
    ]
  }
}