{
  "pipeline_score": {
    "steps": [
      0
    ],
    "timestamps": [
      "2019-05-10T10:31:01.280579"
    ],
    "values": [
      [
        1.7649628422586288,
        0.3831127882003784
      ]
    ]
  }
}