{
  "pipeline_score": {
    "steps": [
      0
    ],
    "timestamps": [
      "2019-05-16T14:00:17.947193"
    ],
    "values": [
      0.2927536231884058
    ]
  }
}