{
  "pipeline_score": {
    "steps": [
      0
    ],
    "timestamps": [
      "2019-05-16T14:42:02.600763"
    ],
    "values": [
      [
        1.8122104503857541,
        0.4095778167247772
      ]
    ]
  }
}