{
  "pipeline_score": {
    "steps": [
      0
    ],
    "timestamps": [
      "2019-05-10T09:55:40.104934"
    ],
    "values": [
      0.18185255198487713
    ]
  }
}