{
  "pipeline_score": {
    "steps": [
      0
    ],
    "timestamps": [
      "2019-05-16T14:37:21.929825"
    ],
    "values": [
      [
        1.7434159428050253,
        0.416761189699173
      ]
    ]
  }
}