{
  "pipeline_score": {
    "steps": [
      0
    ],
    "timestamps": [
      "2019-05-14T12:51:12.607756"
    ],
    "values": [
      0.3614366729678639
    ]
  }
}