{
  "pipeline_score": {
    "steps": [
      0
    ],
    "timestamps": [
      "2019-05-10T10:28:26.036860"
    ],
    "values": [
      [
        1.686799284475888,
        0.42306238412857056
      ]
    ]
  }
}