{
  "pipeline_score": {
    "steps": [
      0
    ],
    "timestamps": [
      "2019-05-16T14:44:47.091633"
    ],
    "values": [
      [
        3.50005014662331,
        0.3839949667453766
      ]
    ]
  }
}