{
  "pipeline_score": {
    "steps": [
      0
    ],
    "timestamps": [
      "2019-05-14T13:45:04.448202"
    ],
    "values": [
      0.3419029615626969
    ]
  }
}