{
  "pipeline_score": {
    "steps": [
      0
    ],
    "timestamps": [
      "2019-05-10T10:29:42.308528"
    ],
    "values": [
      [
        1.688021133842901,
        0.4153749346733093
      ]
    ]
  }
}