{
  "pipeline_score": {
    "steps": [
      0
    ],
    "timestamps": [
      "2019-05-16T14:46:58.429614"
    ],
    "values": [
      [
        2.8239219400517657,
        0.38374289870262146
      ]
    ]
  }
}