{
  "pipeline_score": {
    "steps": [
      0
    ],
    "timestamps": [
      "2019-05-14T13:06:37.412902"
    ],
    "values": [
      0.3545053560176433
    ]
  }
}