{
  "pipeline_score": {
    "steps": [
      0
    ],
    "timestamps": [
      "2019-05-16T14:34:45.041613"
    ],
    "values": [
      [
        1.7086124859895808,
        0.4134845733642578
      ]
    ]
  }
}