{
  "pipeline_score": {
    "steps": [
      0
    ],
    "timestamps": [
      "2019-05-16T14:56:59.062505"
    ],
    "values": [
      [
        1.8953517655869587,
        0.3352237045764923
      ]
    ]
  }
}