{
  "pipeline_score": {
    "steps": [
      0
    ],
    "timestamps": [
      "2019-05-16T14:59:37.242785"
    ],
    "values": [
      [
        3.0164538971192445,
        0.2977945804595947
      ]
    ]
  }
}