{
  "pipeline_score": {
    "steps": [
      0
    ],
    "timestamps": [
      "2019-05-16T14:50:15.937213"
    ],
    "values": [
      [
        2.013840782169133,
        0.3916824162006378
      ]
    ]
  }
}