{
  "pipeline_score": {
    "steps": [
      0
    ],
    "timestamps": [
      "2019-05-16T14:07:12.230908"
    ],
    "values": [
      0.37718966603654697
    ]
  }
}