{
  "pipeline_score": {
    "steps": [
      0
    ],
    "timestamps": [
      "2019-05-14T13:18:24.902563"
    ],
    "values": [
      0.35942028985507246
    ]
  }
}