{
  "pipeline_score": {
    "steps": [
      0
    ],
    "timestamps": [
      "2019-05-14T21:12:22.144680"
    ],
    "values": [
      0.30522999369880277
    ]
  }
}