{
  "pipeline_score": {
    "steps": [
      0
    ],
    "timestamps": [
      "2019-05-16T14:54:31.861002"
    ],
    "values": [
      [
        2.292928694086249,
        0.3726527988910675
      ]
    ]
  }
}