{
  "pipeline_score": {
    "steps": [
      0
    ],
    "timestamps": [
      "2019-05-14T14:13:37.254551"
    ],
    "values": [
      0.3818525519848771
    ]
  }
}