{
  "pipeline_score": {
    "steps": [
      0
    ],
    "timestamps": [
      "2019-05-10T10:00:40.262536"
    ],
    "values": [
      0.2988027725267801
    ]
  }
}